{
  "type": "minecraft:block",
  "random_sequence": "create_overpowered:blocks/moraisnore",
  "pools": [
    {
      "rolls": 1.0,
      "entries": [
        {
          "type": "minecraft:item",
          "name": "create_overpowered:moraisn_crystal",
          "functions": [
            {
              "count": 3,
              "function": "minecraft:set_count"
            },
            {
              "function": "minecraft:explosion_decay"
            }
          ]
        }
      ]
    }
  ]
}